{"is_source_file": true, "file_id": 3, "git_revision": "38f3535c25a60f6cd5a67cd55d04fca6556d35fe", "state": 2, "description": "", "external_files": [], "external_methods": [], "published": [], "classes": [], "methods": [], "calls": [], "search-terms": [], "ctags": [], "hash": null, "format-version": 4, "code-base-name": "food_delivery_backend", "filename": "food_delivery_backend/src/api/__init__.py", "knowledge_revision": 8, "revision_history": [{"8": "38f3535c25a60f6cd5a67cd55d04fca6556d35fe"}]}