{"is_source_file": true, "format": "Python", "description": "This file is a FastAPI application setup for a food delivery backend. It initializes the app, configures CORS middleware, and provides a health check endpoint at root ('/').", "external_files": ["fastapi", "fastapi.middleware.cors"], "external_methods": ["fastapi.FastAPI", "fastapi.middleware.cors.CORSMiddleware"], "published": ["app"], "classes": [], "methods": [{"name": "health_check()", "description": "A simple GET endpoint at '/' that returns a JSON message indicating the service is healthy.", "scope": "", "scopeKind": ""}], "calls": ["CORSMiddleware", "app.add_middleware", "app.get"], "search-terms": ["FastAPI", "CORS middleware", "health check endpoint", "main.py"], "state": 2, "file_id": 1, "knowledge_revision": 9, "git_revision": "38f3535c25a60f6cd5a67cd55d04fca6556d35fe", "ctags": [{"_type": "tag", "name": "app", "path": "/home/kavia/workspace/code-generation/gourmet-delivery-platform-200626-200635/food_delivery_backend/src/api/main.py", "pattern": "/^app = FastAPI()$/", "language": "Python", "kind": "variable"}, {"_type": "tag", "name": "health_check", "path": "/home/kavia/workspace/code-generation/gourmet-delivery-platform-200626-200635/food_delivery_backend/src/api/main.py", "pattern": "/^def health_check():$/", "language": "Python", "kind": "function", "signature": "()"}], "hash": "58352bf5f133908bab16643199aa483d", "format-version": 4, "code-base-name": "food_delivery_backend", "filename": "food_delivery_backend/src/api/main.py", "fields": [{"name": "app = FastAPI()", "scope": "", "scopeKind": "", "description": "unavailable"}], "revision_history": [{"9": "38f3535c25a60f6cd5a67cd55d04fca6556d35fe"}]}