{"is_source_file": false, "format": "", "description": "", "external_files": [], "external_methods": [], "published": [], "classes": [], "methods": [], "calls": [], "search-terms": [], "state": 2, "file_id": 4, "knowledge_revision": 6, "git_revision": "44c49388897714339fe54039450973929c246790", "hash": "d4298bae61a0ddf78ba6ed80279366e6", "format-version": 4, "code-base-name": "food_delivery_backend", "filename": "README.md", "revision_history": [{"6": "44c49388897714339fe54039450973929c246790"}]}